<?xml version="1.0" encoding="utf-8"?>
<root>
  <doclet-version-NOT-library-version>1.00</doclet-version-NOT-library-version>
  <dependsOn>phone</dependsOn>
  <class>
    <name>b4a.example.osver</name>
    <shortname>OSver</shortname>
    <owner>process</owner>
    <method>
      <name>IsInitialized</name>
      <comment>Tests whether the object has been initialized.</comment>
      <returntype>boolean</returntype>
    </method>
    <method>
      <name DesignerName="Class_Globals">_class_globals</name>
      <returntype>String</returntype>
    </method>
    <method>
      <name DesignerName="Initialize">_initialize</name>
      <comment>Initializes the object. You can add parameters to this method if needed.
</comment>
      <returntype>String</returntype>
      <parameter>
        <name>ba</name>
        <type>anywheresoftware.b4a.BA</type>
      </parameter>
    </method>
    <method>
      <name DesignerName="SDKname">_sdkname</name>
      <returntype>String</returntype>
    </method>
    <method>
      <name DesignerName="WhatSDKnr">_whatsdknr</name>
      <returntype>int</returntype>
    </method>
    <field>
      <name DesignerName="SDKnr">_sdknr</name>
      <returntype>String</returntype>
    </field>
    <field>
      <name DesignerName="Telefon">_telefon</name>
      <returntype>anywheresoftware.b4a.phone.Phone</returntype>
    </field>
  </class>
  <version>0.1</version>
  <author>Sven Owsianowski</author>
</root>